location,source,target,id,fuzzy,context,translator_comments,developer_comments
Scripts/Content/Story/Text.d:5,Kiste,,,,MOBNAME_CRATE,,
Scripts/Content/Story/Text.d:6,Truhe,,,,MOBNAME_CHEST,,
Scripts/Content/Story/Text.d:7,Bett,,,,MOBNAME_BED,,
Scripts/Content/Story/Text.d:8,Tьr,,,,MOBNAME_DOOR,,
Scripts/Content/Story/Text.d:15,Amboss,,,,MOBNAME_ANVIL,,
Scripts/Content/Story/Text.d:16,Wasser-Eimer,,,,MOBNAME_BUCKET,,
Scripts/Content/Story/Text.d:17,Schmiede-Feuer,,,,MOBNAME_FORGE,,
Scripts/Content/Story/Text.d:18,Schleifstein,,,,MOBNAME_GRINDSTONE,,
Scripts/Content/Story/Text.d:19,Winde,,,,MOBNAME_WHEEL,,
Scripts/Content/Story/Text.d:20,Alchemietisch,,,,MOBNAME_LAB,,
Scripts/Content/Story/Text.d:21,Buchstдnder,,,,MOBNAME_BOOKSTAND,,
Scripts/Content/Story/Text.d:22,Buchkommode,,,,MOBNAME_BOOKSBOARD,,
Scripts/Content/Story/Text.d:24,Kessel,,,,MOBNAME_CAULDRON,,
Scripts/Content/Story/Text.d:27,Pfanne,,,,MOBNAME_PAN,,
Scripts/Content/Story/Text.d:29,Wasserpfeife,,,,MOBNAME_WATERPIPE,,
Scripts/Content/Story/Text.d:30,Schalter,,,,MOBNAME_SWITCH,,
Scripts/Content/Story/Text.d:31,Erzklumpen,,,,MOBNAME_ORE,,
Scripts/Content/Story/Text.d:34,Herd,,,,MOBNAME_STOVE,,
Scripts/Content/Story/Text.d:35,Innos Statue,,,,MOBNAME_INNOS,,
Scripts/Content/Story/Text.d:36,Runentisch,,,,MOBNAME_RUNEMAKER,,
Scripts/Content/Story/Text.d:37,Baumsдge,,,,MOBNAME_SAW,,
Scripts/Content/Story/Text.d:38,Sessel,,,,MOBNAME_ARMCHAIR,,
Scripts/Content/Story/Text.d:39,Lampe,,,,MOBNAME_LIBRARYLEVER,,
Scripts/Content/Story/Text.d:41,Bibliothek,,,,MOBNAME_BIBLIOTHEK,,
Scripts/Content/Story/Text.d:42,Vorratskammer,,,,MOBNAME_VORRATSKAMMER,,
Scripts/Content/Story/Text.d:43,Schatzkammer,,,,MOBNAME_SCHATZKAMMER,,
Scripts/Content/Story/Text.d:44,Igaraz Truhe,,,,MOBNAME_IGARAZ,,
Scripts/Content/Story/Text.d:45,Almanach,,,,MOBNAME_ALMANACH,,
Scripts/Content/Story/Text.d:47,Nach Khorinis,,,,MOBNAME_CITY,,
Scripts/Content/Story/Text.d:48,Zur Taverne,,,,MOBNAME_TAVERN,,
Scripts/Content/Story/Text.d:49,Zum GroЯbauer,,,,MOBNAME_GR_PEASANT,,
Scripts/Content/Story/Text.d:50,Zum Kloster,,,,MOBNAME_MONASTERY,,
Scripts/Content/Story/Text.d:51,Zum Pass,,,,MOBNAME_PASSOW,,
Scripts/Content/Story/Text.d:52,Zur Taverne,,,,MOBNAME_CITY2,,
Scripts/Content/Story/Text.d:53,Zum Leuchturm,,,,MOBNAME_LIGHTHOUSE,,
Scripts/Content/Story/Text.d:54,Zur Taverne,,,,MOBNAME_MONASTERY2,,
Scripts/Content/Story/Text.d:55,zur Gefдngnis-Kolonie,,,,MOBNAME_PRISON,,
Scripts/Content/Story/Text.d:56,Zur Taverne,,,,MOBNAME_GR_PEASANT2,,
Scripts/Content/Story/Text.d:57,zum Hafen,,,,MOBNAME_INCITY01,,
Scripts/Content/Story/Text.d:58,zum Marktplatz,,,,MOBNAME_INCITY02,,
Scripts/Content/Story/Text.d:59,zum Oberen Viertel,,,,MOBNAME_INCITY03,,
Scripts/Content/Story/Text.d:60,zur Kaufmannsgasse,,,,MOBNAME_INCITY04,,
Scripts/Content/Story/Text.d:61,zum Tempelplatz,,,,MOBNAME_INCITY05,,
Scripts/Content/Story/Text.d:65,Bognerei 'Zum Tцdlichen Pfeil',,,,MOBNAME_BOW_01,,
Scripts/Content/Story/Text.d:66,Matteo's Allerlei,,,,MOBNAME_MIX_01,,
Scripts/Content/Story/Text.d:67,Halvor's Fischstube 'zur glitschigen Forelle',,,,MOBNAME_MIX_02,,
Scripts/Content/Story/Text.d:68,Zum glьhenden Amboss,,,,MOBNAME_SMITH_01,,
Scripts/Content/Story/Text.d:69,Taverne 'zum Einbeinigen Klabauter',,,,MOBNAME_BAR_01,,
Scripts/Content/Story/Text.d:70,Taverne 'zur frцhlichen Mastsau',,,,MOBNAME_BAR_02,,
Scripts/Content/Story/Text.d:71,Herberge 'zum Schlafenden Geldsack',,,,MOBNAME_Hotel_01,,
Scripts/Content/Story/Text.d:72,Die rote Laterne,,,,MOBNAME_Hotel_02,,
Scripts/Content/Story/Text.d:73,Zur toten Harpie,,,,MOBNAME_TAVERN_01,,
Scripts/Content/Story/Text.d:74,Salandril's Trдnke,,,,MOBNAME_SALANDRIL,,
Scripts/Content/Story/Text.d:78,Snoelk - 'Oh guck mal ein Schalter',,,,MOBNAME_GRAVETEAM_01,,
Scripts/Content/Story/Text.d:79,Oelk - 'NEINNNNNNNNNNNNNNNNNN',,,,MOBNAME_GRAVETEAM_02,,
Scripts/Content/Story/Text.d:80,Hodges - 'Alles wird gut',,,,MOBNAME_GRAVETEAM_03,,
Scripts/Content/Story/Text.d:81,Hosh - 'Der letzte Scheiss',,,,MOBNAME_GRAVETEAM_04,,
Scripts/Content/Story/Text.d:82,Chase - 'Was haltet ihr davon ?',,,,MOBNAME_GRAVETEAM_05,,
Scripts/Content/Story/Text.d:83,Bjцrn - 'Weiter aufґs Ziel zu!',,,,MOBNAME_GRAVETEAM_06,,
Scripts/Content/Story/Text.d:84,Michael - 'Ich ruhe mich nur kurz aus...',,,,MOBNAME_GRAVETEAM_07,,
Scripts/Content/Story/Text.d:85,Kairo - 'Sekьndchen noch!',,,,MOBNAME_GRAVETEAM_08,,
Scripts/Content/Story/Text.d:86,Onkel Kronkel - 'zum SchluЯ fand er den Skorpionmann',,,,MOBNAME_GRAVETEAM_09,,
Scripts/Content/Story/Text.d:87,"NicoDE - 'Hello, World!'",,,,MOBNAME_GRAVETEAM_10,,
Scripts/Content/Story/Text.d:88,"Sascha - 'Der Spieler weiЯ gar nicht, warum er dahin gehen soll...'",,,,MOBNAME_GRAVETEAM_11,,
Scripts/Content/Story/Text.d:89,Andre - 'Fallen die Segel schnell oder langsam runter?',,,,MOBNAME_GRAVETEAM_12,,
Scripts/Content/Story/Text.d:90,"Mihai - 'Yeah, I can show you something..'",,,,MOBNAME_GRAVETEAM_13,,
Scripts/Content/Story/Text.d:91,Uwe - 'Welcher Level bist du denn mit deinem Paladin',,,,MOBNAME_GRAVETEAM_14,,
Scripts/Content/Story/Text.d:95,"Baron Heinrich von Stahl 551 - 589 'Er kam, sah, und starb'",,,,MOBNAME_GRAVE_01,,
Scripts/Content/Story/Text.d:96,Bertran 465 - 480 'Ich wollte immer schon mal Fliegenpilze essen',,,,MOBNAME_GRAVE_02,,
Scripts/Content/Story/Text.d:97,Isolde 525 - 550,,,,MOBNAME_GRAVE_03,,
Scripts/Content/Story/Text.d:98,Unbekannt,,,,MOBNAME_GRAVE_04,,
Scripts/Content/Story/Text.d:99,Dex Cantionis 325 - 431 'Ich hab schon seit Tagen Magenkrдmpfe?',,,,MOBNAME_GRAVE_05,,
Scripts/Content/Story/Text.d:100,Uthar Lichtbringer 205 - 531,,,,MOBNAME_GRAVE_06,,
Scripts/Content/Story/Text.d:101,Yasmin 510 - 545,,,,MOBNAME_GRAVE_07,,
Scripts/Content/Story/Text.d:102,Onurb 634 - 579 - 'Etlepmerkegmu red',,,,MOBNAME_GRAVE_08,,
Scripts/Content/Story/Text.d:103,unbekannter Soldat,,,,MOBNAME_GRAVE_09,,
Scripts/Content/Story/Text.d:104,Mighty Alien Dwarf 2894-3787 - 'This is all fake! Believe me...',,,,MOBNAME_GRAVE_10,,
Scripts/Content/Story/Text.d:105,Theodor 220 - 310 - 'Sein Geist sei befreit',,,,MOBNAME_GRAVE_11,,
Scripts/Content/Story/Text.d:106,Veranim Sadea 390 - 'Die Unterwelt war sein Belang',,,,MOBNAME_GRAVE_12,,
Scripts/Content/Story/Text.d:107,"Serano Ukara 234 - 298 'Der, der den Turm bewachte'",,,,MOBNAME_GRAVE_13,,
Scripts/Content/Story/Text.d:108,Victimo Sorn 456 - 512 'Erst der Phoenix stoppte ihn',,,,MOBNAME_GRAVE_14,,
Scripts/Content/Story/Text.d:109," +432 'Man nannte ihn Heristun, er kam vom Meer''",,,,MOBNAME_GRAVE_15,,
Scripts/Content/Story/Text.d:110,Ernesto Ortoj 350 - 410 'Ich werde immer bei dir bleiben',,,,MOBNAME_GRAVE_16,,
Scripts/Content/Story/Text.d:111,Arthag Amashrog 730 - 756,,,,MOBNAME_GRAVE_17,,
Scripts/Content/Story/Text.d:112,Iotar 721 - 762,,,,MOBNAME_GRAVE_18,,
Scripts/Content/Story/Text.d:113,Midos 757 - 759,,,,MOBNAME_GRAVE_19,,
Scripts/Content/Story/Text.d:114,Oskar Sorn 703 - 736,,,,MOBNAME_GRAVE_20,,
Scripts/Content/Story/Text.d:115,Marta Ukara 732 - 771,,,,MOBNAME_GRAVE_21,,
Scripts/Content/Story/Text.d:116,Wilfied Ukara 722 - 764,,,,MOBNAME_GRAVE_22,,
Scripts/Content/Story/Text.d:117,Viktorus Stahl 741 - 755,,,,MOBNAME_GRAVE_23,,
Scripts/Content/Story/Text.d:118,Seb 725 - 773,,,,MOBNAME_GRAVE_24,,
Scripts/Content/Story/Text.d:119,Unbekannt,,,,MOBNAME_GRAVE_25,,
Scripts/Content/Story/Text.d:120,Mart Mulgo 721 - 779,,,,MOBNAME_GRAVE_26,,
Scripts/Content/Story/Text.d:121,Zahra 713 - 752,,,,MOBNAME_GRAVE_27,,
Scripts/Content/Story/Text.d:122,Freiherr Simbus von Kahr 120 - 212,,,,MOBNAME_GRAVE_28,,
Scripts/Content/Story/Text.d:123,Graf Anieb zu Waldfried 117 - 212,,,,MOBNAME_GRAVE_29,,
Scripts/Content/Story/Text.d:124,Graf Lazar von Siegburg 156 - 212,,,,MOBNAME_GRAVE_30,,
Scripts/Content/Story/Text.d:125,Schwerttrдger Asub Ukara 145 - 212,,,,MOBNAME_GRAVE_31,,
Scripts/Content/Story/Text.d:126,Schwerttrдger Dietmar Ukara 112 - 212,,,,MOBNAME_GRAVE_32,,
Scripts/Content/Story/Text.d:127,Ehrengardist Uthar Seranis 178 - 212,,,,MOBNAME_GRAVE_33,,
Scripts/Content/Story/Text.d:132,Sockel,,,,MOBNAME_ADDON_SOCKEL,,
Scripts/Content/Story/Text.d:133,Fortuno's Truhe,,,,MOBNAME_ADDON_FORTUNO,,
Scripts/Content/Story/Text.d:134,Beliar Statue,,,,MOBNAME_ADDON_IDOL,,
Scripts/Content/Story/Text.d:135,Goldklumpen,,,,MOBNAME_ADDON_GOLD,,
Scripts/Content/Story/Text.d:136,Pult,,,,MOBNAME_ADDON_STONEBOOK,,
Scripts/Content/Story/Text.d:137,Ringfцrmige Vorrichtung,,,,MOBNAME_ADDON_ORNAMENT,,
Scripts/Content/Story/Text.d:138,Schalter,,,,MOBNAME_ADDON_ORNAMENTSWITCH,,
Scripts/Content/Story/Text.d:139,Wackeliger Baum,,,,MOBNAME_ADDON_WACKELBAUM,,
Scripts/Content/Story/Text.d:140,Tengron's Ring,,,,NAME_ADDON_TengronsRing,,
Scripts/Content/Story/Text.d:141,Ring der Lebenskraft,,,,NAME_ADDON_CASSIASBELOHNUNGSRING,,
Scripts/Content/Story/Text.d:143,zum Tempelportal,,,,MOBNAME_ADDON_TELEPORT_01,,
Scripts/Content/Story/Text.d:144,zum Banditenlager,,,,MOBNAME_ADDON_TELEPORT_02,,
Scripts/Content/Story/Text.d:145,zum Sumpf,,,,MOBNAME_ADDON_TELEPORT_03,,
Scripts/Content/Story/Text.d:146,zum Tal,,,,MOBNAME_ADDON_TELEPORT_04,,
Scripts/Content/Story/Text.d:147,zum Canyon,,,,MOBNAME_ADDON_TELEPORT_05,,
Scripts/Content/Story/Text.d:155,"{ Gildenlos, Paladin, Miliz ... }",,,,TXT_GUILDS,,
Scripts/Content/Story/Text.d:235,"{ Heiliges Licht, Kleine Wundheilung, Heiliger Pfeil ... }",,,,TXT_SPELLS,,
Scripts/Content/Story/Text.d:380,Heiliges Licht,,,,NAME_SPL_PalLight,,
Scripts/Content/Story/Text.d:381,Kleine Wundheilung,,,,NAME_SPL_PalLightHeal,,
Scripts/Content/Story/Text.d:382,Heiliger Pfeil,,,,NAME_SPL_PalHolyBolt,,
Scripts/Content/Story/Text.d:383,Mittlere Wundheilung,,,,NAME_SPL_PalMediumHeal,,
Scripts/Content/Story/Text.d:384,Bцses vertreiben,,,,NAME_SPL_PalRepelEvil,,
Scripts/Content/Story/Text.d:385,Grosse Wundheilung,,,,NAME_SPL_PalFullHeal,,
Scripts/Content/Story/Text.d:386,Bцses vernichten,,,,NAME_SPL_PalDestroyEvil,,
Scripts/Content/Story/Text.d:389,Teleport,,,,NAME_SPL_PalTeleportSecret,,
Scripts/Content/Story/Text.d:390,Teleport zur Hafenstadt,,,,NAME_SPL_TeleportSeaport,,
Scripts/Content/Story/Text.d:391,Teleport zum Kloster,,,,NAME_SPL_TeleportMonastery,,
Scripts/Content/Story/Text.d:392,Teleport zum Grossbauern,,,,NAME_SPL_TeleportFarm,,
Scripts/Content/Story/Text.d:393,Teleport zu Xardas,,,,NAME_SPL_TeleportXardas,,
Scripts/Content/Story/Text.d:394,Teleport zum Pass in Khorinis,,,,NAME_SPL_TeleportPassNW,,
Scripts/Content/Story/Text.d:395,Teleport zum Pass im Minental,,,,NAME_SPL_TeleportPassOW,,
Scripts/Content/Story/Text.d:396,Teleport zur Burg,,,,NAME_SPL_TeleportOC,,
Scripts/Content/Story/Text.d:397,Teleport zum alten Dдmonenturm,,,,NAME_SPL_TeleportOWDemonTower,,
Scripts/Content/Story/Text.d:398,Teleport zur Taverne,,,,NAME_SPL_TeleportTaverne,,
Scripts/Content/Story/Text.d:399,NAME_SPL_TELEPORT_3,,,,NAME_SPL_Teleport_3,,
Scripts/Content/Story/Text.d:402,Licht,,,,NAME_SPL_LIGHT,,
Scripts/Content/Story/Text.d:403,Feuerpfeil,,,,NAME_SPL_Firebolt,,
Scripts/Content/Story/Text.d:406,Eispfeil,,,,NAME_SPL_Icebolt,,
Scripts/Content/Story/Text.d:409,Leichte Wunden heilen,,,,NAME_SPL_LightHeal,,
Scripts/Content/Story/Text.d:410,Goblin Skelett erschaffen,,,,NAME_SPL_SummonGoblinSkeleton,,
Scripts/Content/Story/Text.d:413,Feuerball,,,,NAME_SPL_InstantFireball,,
Scripts/Content/Story/Text.d:416,Blitz,,,,NAME_SPL_Zap,,
Scripts/Content/Story/Text.d:419,Wolf rufen,,,,NAME_SPL_SummonWolf,,
Scripts/Content/Story/Text.d:420,Windfaust,,,,NAME_SPL_WINDFIST,,
Scripts/Content/Story/Text.d:421,Schlaf,,,,NAME_SPL_Sleep,,
Scripts/Content/Story/Text.d:424,Mittlere Wunden heilen,,,,NAME_SPL_MediumHeal,,
Scripts/Content/Story/Text.d:425,Kleiner Feuersturm,,,,NAME_SPL_Firestorm,,
Scripts/Content/Story/Text.d:426,Skelett erschaffen,,,,NAME_SPL_SummonSkeleton,,
Scripts/Content/Story/Text.d:427,Angst,,,,NAME_SPL_Fear,,
Scripts/Content/Story/Text.d:428,Eisblock,,,,NAME_SPL_IceCube,,
Scripts/Content/Story/Text.d:429,Kugelblitz,,,,NAME_SPL_ChargeZap,,
Scripts/Content/Story/Text.d:432,Blitzschlag,,,,NAME_SPL_LightningFlash,,
Scripts/Content/Story/Text.d:433,Golem erwecken,,,,NAME_SPL_SummonGolem,,
Scripts/Content/Story/Text.d:434,Untote vernichten,,,,NAME_SPL_DestroyUndead,,
Scripts/Content/Story/Text.d:435,Grosser Feuerball,,,,NAME_SPL_ChargeFireball,,
Scripts/Content/Story/Text.d:438,Grosser Feuersturm,,,,NAME_SPL_Pyrokinesis,,
Scripts/Content/Story/Text.d:439,Eiswelle,,,,NAME_SPL_IceWave,,
Scripts/Content/Story/Text.d:440,Dдmon beschwцren,,,,NAME_SPL_SummonDemon,,
Scripts/Content/Story/Text.d:441,Schwere Wunden heilen,,,,NAME_SPL_FullHeal,,
Scripts/Content/Story/Text.d:444,Feuerregen,,,,NAME_SPL_Firerain,,
Scripts/Content/Story/Text.d:445,Todeshauch,,,,NAME_SPL_BreathOfDeath,,
Scripts/Content/Story/Text.d:446,Todeswelle,,,,NAME_SPL_MassDeath,,
Scripts/Content/Story/Text.d:447,Armee der Finsternis,,,,NAME_SPL_ArmyOfDarkness,,
Scripts/Content/Story/Text.d:448,Monster schrumpfen,,,,NAME_SPL_Shrink,,
Scripts/Content/Story/Text.d:451,Verwandlung Schaf,,,,NAME_SPL_TrfSheep,,
Scripts/Content/Story/Text.d:452,Verwandlung Scavenger,,,,NAME_SPL_TrfScavenger,,
Scripts/Content/Story/Text.d:453,Verwandlung Riesenratte,,,,NAME_SPL_TrfGiantRat,,
Scripts/Content/Story/Text.d:454,Verwandlung Feldrдuber,,,,NAME_SPL_TrfGiantBug,,
Scripts/Content/Story/Text.d:455,Verwandlung Wolf,,,,NAME_SPL_TrfWolf,,
Scripts/Content/Story/Text.d:456,Verwandlung Waran,,,,NAME_SPL_TrfWaran,,
Scripts/Content/Story/Text.d:457,Verwandlung Snapper,,,,NAME_SPL_TrfSnapper,,
Scripts/Content/Story/Text.d:458,Verwandlung Warg,,,,NAME_SPL_TrfWarg,,
Scripts/Content/Story/Text.d:459,Verwandlung Feuerwaran,,,,NAME_SPL_TrfFireWaran,,
Scripts/Content/Story/Text.d:460,Verwandlung Lurker,,,,NAME_SPL_TrfLurker,,
Scripts/Content/Story/Text.d:461,Verwandlung Schattenlдufer,,,,NAME_SPL_TrfShadowbeast,,
Scripts/Content/Story/Text.d:462,Verwandlung Drachensnapper,,,,NAME_SPL_TrfDragonSnapper,,
Scripts/Content/Story/Text.d:463,Vergessen,,,,NAME_SPL_Charm,,
Scripts/Content/Story/Text.d:466,Heiliges Geschoss,,,,NAME_SPL_MasterOfDisaster,,
Scripts/Content/Story/Text.d:469,NAME_SPL_DEATHBOLT,,,,NAME_SPL_Deathbolt,,
Scripts/Content/Story/Text.d:470,NAME_SPL_DEATHBALL,,,,NAME_SPL_Deathball,,
Scripts/Content/Story/Text.d:471,NAME_SPL_CONCUSSIONBOLT,,,,NAME_SPL_ConcussionBolt,,
Scripts/Content/Story/Text.d:472,NAME_SPL_RESERVED_64,,,,NAME_SPL_Reserved_64,,
Scripts/Content/Story/Text.d:473,NAME_SPL_RESERVED_65,,,,NAME_SPL_Reserved_65,,
Scripts/Content/Story/Text.d:474,NAME_SPL_RESERVED_66,,,,NAME_SPL_Reserved_66,,
Scripts/Content/Story/Text.d:475,NAME_SPL_RESERVED_67,,,,NAME_SPL_Reserved_67,,
Scripts/Content/Story/Text.d:476,NAME_SPL_RESERVED_68,,,,NAME_SPL_Reserved_68,,
Scripts/Content/Story/Text.d:477,NAME_SPL_RESERVED_69,,,,NAME_SPL_Reserved_69,,
Scripts/Content/Story/Text.d:480,Unwetter,,,,NAME_SPL_Thunderstorm,,
Scripts/Content/Story/Text.d:481,Windhose,,,,NAME_SPL_Whirlwind,,
Scripts/Content/Story/Text.d:482,Wasserfaust,,,,NAME_SPL_WaterFist,,
Scripts/Content/Story/Text.d:483,Eislanze,,,,NAME_SPL_IceLance,,
Scripts/Content/Story/Text.d:484,Menschen Aufblдhen,,,,NAME_SPL_Inflate,,
Scripts/Content/Story/Text.d:485,Geysir,,,,NAME_SPL_Geyser,,
Scripts/Content/Story/Text.d:486,Wasserwand,,,,NAME_SPL_Waterwall,,
Scripts/Content/Story/Text.d:487,NAME_SPL_RESERVED_77,,,,NAME_SPL_Reserved_77,,
Scripts/Content/Story/Text.d:488,NAME_SPL_RESERVED_78,,,,NAME_SPL_Reserved_78,,
Scripts/Content/Story/Text.d:489,NAME_SPL_RESERVED_79,,,,NAME_SPL_Reserved_79,,
Scripts/Content/Story/Text.d:492,Insektenplage,,,,NAME_SPL_Plague,,
Scripts/Content/Story/Text.d:493,Insektenschwarm,,,,NAME_SPL_Swarm,,
Scripts/Content/Story/Text.d:494,Wurzelschlingen,,,,NAME_SPL_GreenTentacle,,
Scripts/Content/Story/Text.d:495,Erdbeben,,,,NAME_SPL_Earthquake,,
Scripts/Content/Story/Text.d:496,Wдchter erschaffen,,,,NAME_SPL_SummonGuardian,,
Scripts/Content/Story/Text.d:497,Beliar's Zorn,,,,NAME_SPL_BeliarsRage,,
Scripts/Content/Story/Text.d:498,Energie stehlen,,,,NAME_SPL_SuckEnergy,,
Scripts/Content/Story/Text.d:499,Schrei der Toten,,,,NAME_SPL_Skull,,
Scripts/Content/Story/Text.d:500,Zombie erschaffen,,,,NAME_SPL_SummonZombie,,
Scripts/Content/Story/Text.d:501,Mud beschwцren,,,,NAME_SPL_SummonMud,,
Scripts/Content/Story/Text.d:504,NAME_SPL_RESERVED_90,,,,NAME_SPL_Reserved_90,,
Scripts/Content/Story/Text.d:505,NAME_SPL_RESERVED_91,,,,NAME_SPL_Reserved_91,,
Scripts/Content/Story/Text.d:506,NAME_SPL_RESERVED_92,,,,NAME_SPL_Reserved_92,,
Scripts/Content/Story/Text.d:507,NAME_SPL_RESERVED_93,,,,NAME_SPL_Reserved_93,,
Scripts/Content/Story/Text.d:508,NAME_SPL_RESERVED_94,,,,NAME_SPL_Reserved_94,,
Scripts/Content/Story/Text.d:509,NAME_SPL_RESERVED_95,,,,NAME_SPL_Reserved_95,,
Scripts/Content/Story/Text.d:510,NAME_SPL_RESERVED_96,,,,NAME_SPL_Reserved_96,,
Scripts/Content/Story/Text.d:511,NAME_SPL_RESERVED_97,,,,NAME_SPL_Reserved_97,,
Scripts/Content/Story/Text.d:512,NAME_SPL_RESERVED_98,,,,NAME_SPL_Reserved_98,,
Scripts/Content/Story/Text.d:513,NAME_SPL_RESERVED_99,,,,NAME_SPL_Reserved_99,,
Scripts/Content/Story/Text.d:520,"{ , Einhдnder, Zweihдnder ... }",,,,TXT_TALENTS,,
Scripts/Content/Story/Text.d:547,"{ , Anfдnger|Kдmpfer|Meister, Anfдnger|Kдmpfer|Meister ... }",,,,TXT_TALENTS_SKILLS,,
Scripts/Content/Story/Text.d:578,"{ Vљe, Zbran?, Zbroje ... }",,,,TXT_INV_CAT,,
Scripts/Content/Story/Text.d:595,Paladin,,,,NAME_Paladin,,
Scripts/Content/Story/Text.d:596,Stadtwache,,,,NAME_Miliz,,
Scripts/Content/Story/Text.d:597,Torwache,,,,NAME_Torwache,,
Scripts/Content/Story/Text.d:598,Tьrwache,,,,NAME_Tuerwache,,
Scripts/Content/Story/Text.d:599,Stadtwache,,,,NAME_Stadtwache,,
Scripts/Content/Story/Text.d:600,Arbeiter,,,,NAME_Arbeiter,,
Scripts/Content/Story/Text.d:601,Ritter,,,,NAME_Ritter,,
Scripts/Content/Story/Text.d:602,Wache,,,,NAME_Wache,,
Scripts/Content/Story/Text.d:603,Bьrger,,,,NAME_Buerger,,
Scripts/Content/Story/Text.d:604,Bьrgerin,,,,NAME_Buergerin,,
Scripts/Content/Story/Text.d:605,Magd,,,,NAME_Magd,,
Scripts/Content/Story/Text.d:606,Magier,,,,NAME_Magier,,
Scripts/Content/Story/Text.d:607,Novize,,,,NAME_Novize,,
Scripts/Content/Story/Text.d:608,Drachenjдger,,,,NAME_Drachenjaeger,,
Scripts/Content/Story/Text.d:609,Toter Drachenjдger,,,,NAME_ToterDrachenjaeger,,
Scripts/Content/Story/Text.d:610,Sцldner,,,,NAME_Soeldner,,
Scripts/Content/Story/Text.d:611,Bauer,,,,NAME_Bauer,,
Scripts/Content/Story/Text.d:612,Bдuerin,,,,NAME_Baeuerin,,
Scripts/Content/Story/Text.d:613,Bandit,,,,NAME_Bandit,,
Scripts/Content/Story/Text.d:614,Halsabschneider,,,,NAME_Halsabschneider,,
Scripts/Content/Story/Text.d:615,Strдfling,,,,NAME_Straefling,,
Scripts/Content/Story/Text.d:616,Waffenknecht,,,,NAME_Waffenknecht,,
Scripts/Content/Story/Text.d:617,Suchender,,,,NAME_Dementor,,
Scripts/Content/Story/Text.d:618,Toter Novize,,,,NAME_ToterNovize,,
Scripts/Content/Story/Text.d:619,Orkischer Kriegsherr,,,,NAME_Antipaldin,,
Scripts/Content/Story/Text.d:620,Schiffswache,,,,NAME_Schiffswache,,
Scripts/Content/Story/Text.d:621,Flьchtling,,,,NAME_Fluechtling,,
Scripts/Content/Story/Text.d:628,Pirat,,,,NAME_Addon_Pirat,,
Scripts/Content/Story/Text.d:629,Gardist,,,,NAME_Addon_Guard,,
Scripts/Content/Story/Text.d:630,Leibwache,,,,NAME_Addon_Esteban_Guard,,
Scripts/Content/Story/Text.d:631,Sklave,,,,NAME_Addon_Sklave,,
Scripts/Content/Story/Text.d:632,Buddler,,,,NAME_Addon_Buddler,,
Scripts/Content/Story/Text.d:633,Grasland-Scavenger,,,,NAME_ADDON_SCAVENGERGL,,
Scripts/Content/Story/Text.d:635,Beschworener Steinwдchter,,,,NAME_Addon_Summoned_Guardian,,
Scripts/Content/Story/Text.d:636,Beschworener Zombie,,,,NAME_Addon_Summoned_Zombie,,
Scripts/Content/Story/Text.d:637,Die Klaue Beliars,,,,NAME_ADDON_BELIARSWEAPON,,
Scripts/Content/Story/Text.d:639,Untoter Mud,,,,NAME_Addon_Undead_Mud,,
Scripts/Content/Story/Text.d:640,Beschworener Mud,,,,NAME_Addon_Summoned_Mud,,
Scripts/Content/Story/Text.d:646,ENDE,,,,DIALOG_ENDE,,
Scripts/Content/Story/Text.d:647,ZURЬCK,,,,DIALOG_BACK,,
Scripts/Content/Story/Text.d:648,(Handeln),,,,DIALOG_TRADE,,
Scripts/Content/Story/Text.d:649,(Taschendiebstahl versuchen),,,,DIALOG_PICKPOCKET,,
Scripts/Content/Story/Text.d:656,Ring,,,,NAME_Ring,,
Scripts/Content/Story/Text.d:657,Amulett,,,,NAME_Amulett,,
Scripts/Content/Story/Text.d:658,Trank,,,,NAME_Trank,,
Scripts/Content/Story/Text.d:659,Rune,,,,NAME_Rune,,
Scripts/Content/Story/Text.d:660,Spruchrolle,,,,NAME_Spruchrolle,,
Scripts/Content/Story/Text.d:661,Schlьssel,,,,NAME_Key,,
Scripts/Content/Story/Text.d:663,Gьrtel,,,,NAME_Addon_Belt,,
Scripts/Content/Story/Text.d:664,Schдrpe,,,,NAME_Addon_BeltMage,,
Scripts/Content/Story/Text.d:666,Zusammen mit Sцldnerrьstung  + ,,,,NAME_Addon_BeArSLD,,
Scripts/Content/Story/Text.d:667,Zusammen mit Milizrьstung    + ,,,,NAME_Addon_BeArMIL,,
Scripts/Content/Story/Text.d:668,Zusammen mit Magierrobe      + ,,,,NAME_Addon_BeArKDF,,
Scripts/Content/Story/Text.d:669,Zusammen mit Novizenrobe     + ,,,,NAME_Addon_BeArNOV,,
Scripts/Content/Story/Text.d:670,Zusammen mit Crawlerrьstung  + ,,,,NAME_Addon_BeArMC,,
Scripts/Content/Story/Text.d:671,Zusammen mit Lederrьstung    + ,,,,NAME_Addon_BeArLeather,,
Scripts/Content/Story/Text.d:673,"Wer diese Rьstung trдgt, gehцrt zu den Banditen",,,,PRINT_Addon_BDTArmor,,
Scripts/Content/Story/Text.d:675,Wir sind drei Brьder aus einer Kaste.,,,,PRINT_Addon_KUMU_01,,
Scripts/Content/Story/Text.d:676,Zusammmen sind wir stдrker.,,,,PRINT_Addon_KUMU_02,,
Scripts/Content/Story/Text.d:678,Warte noch. Wegen dem Kraut ...,,,,PRINT_Addon_NadjaWait,,
Scripts/Content/Story/Text.d:683,Gold: ,,,,NAME_Currency,,
Scripts/Content/Story/Text.d:684,Du hast nicht genug Gold um den Gegenstand zu kaufen.,,,,PRINT_Trade_Not_Enough_Gold,,
Scripts/Content/Story/Text.d:690,Wert:,,,,NAME_Value,,
Scripts/Content/Story/Text.d:692,Kreis:,,,,NAME_Mag_Circle,,
Scripts/Content/Story/Text.d:693,Manakosten:,,,,NAME_Manakosten,,
Scripts/Content/Story/Text.d:694,Manakosten (min):,,,,NAME_MinManakosten,,
Scripts/Content/Story/Text.d:695,Manakosten (max):,,,,NAME_ManakostenMax,,
Scripts/Content/Story/Text.d:696,Mana pro Sec.,,,,NAME_ManaPerSec,,
Scripts/Content/Story/Text.d:697,Dauer (Minuten),,,,NAME_Duration,,
Scripts/Content/Story/Text.d:698,Dauer (Sekunden),,,,NAME_Sec_Duration,,
Scripts/Content/Story/Text.d:700,benцtigtes Mana:,,,,NAME_Mana_needed,,
Scripts/Content/Story/Text.d:701,benцtigte Stдrke:,,,,NAME_Str_needed,,
Scripts/Content/Story/Text.d:702,benцtigte Geschicklichkeit:,,,,NAME_Dex_needed,,
Scripts/Content/Story/Text.d:704,Aufladbarer Zauber,,,,NAME_Spell_Load,,
Scripts/Content/Story/Text.d:705,Aufrechterhaltungs-Zauber,,,,NAME_Spell_Invest,,
Scripts/Content/Story/Text.d:707,Waffenschaden,,,,NAME_Dam_Edge,,
Scripts/Content/Story/Text.d:708,Pfeilschaden,,,,NAME_Dam_Point,,
Scripts/Content/Story/Text.d:709,Feuerschaden,,,,NAME_Dam_Fire,,
Scripts/Content/Story/Text.d:710,Magieschaden,,,,NAME_Dam_Magic,,
Scripts/Content/Story/Text.d:711,Wirbelschaden,,,,NAME_Dam_Fly,,
Scripts/Content/Story/Text.d:713,Schaden,,,,NAME_Damage,,
Scripts/Content/Story/Text.d:714,Schaden (max),,,,NAME_Damage_Max,,
Scripts/Content/Story/Text.d:715," (pro Mana)",,,,NAME_PerMana,,
Scripts/Content/Story/Text.d:716,Schaden pro Sec.,,,,NAME_DamagePerSec,,
Scripts/Content/Story/Text.d:718,Schutz vor Waffen:,,,,NAME_Prot_Edge,,
Scripts/Content/Story/Text.d:719,Schutz vor Pfeilen:,,,,NAME_Prot_Point,,
Scripts/Content/Story/Text.d:720,Schutz vor Feuer:,,,,NAME_Prot_Fire,,
Scripts/Content/Story/Text.d:721,Schutz vor Magie:,,,,NAME_Prot_Magic,,
Scripts/Content/Story/Text.d:723,Lebensenergie-Bonus:,,,,NAME_Bonus_HP,,
Scripts/Content/Story/Text.d:724,Mana-Bonus:,,,,NAME_Bonus_Mana,,
Scripts/Content/Story/Text.d:727,Bonus fьr maximale Lebensenergie:,,,,NAME_Bonus_HpMax,,
Scripts/Content/Story/Text.d:728,Bonus fьr maximales Mana:,,,,NAME_Bonus_ManaMax,,
Scripts/Content/Story/Text.d:730,Geschicklichkeits-Bonus:,,,,NAME_Bonus_Dex,,
Scripts/Content/Story/Text.d:731,Stдrke-Bonus:,,,,NAME_Bonus_Str,,
Scripts/Content/Story/Text.d:733,Einhandwaffe,,,,NAME_OneHanded,,
Scripts/Content/Story/Text.d:734,Zweihandwaffe,,,,NAME_TwoHanded,,
Scripts/Content/Story/Text.d:736,Heilung pro Mana,,,,NAME_HealingPerMana,,
Scripts/Content/Story/Text.d:737,Heilkraft:,,,,NAME_HealingPerCast,,
Scripts/Content/Story/Text.d:739,Nostalgie-Bonus: ,,,,NAME_Addon_NostalgieBonus,,
Scripts/Content/Story/Text.d:741,Braucht kompletten Manavorrat auf.,,,,NAME_Addon_NeedsAllMana,,
Scripts/Content/Story/Text.d:742,Spruch tцtet nicht,,,,NAME_Addon_SpellDontKill,,
Scripts/Content/Story/Text.d:743,Schaden (min),,,,NAME_Addon_Damage_Min,,
Scripts/Content/Story/Text.d:746,Fernkampfwaffen und Munition,,,,NAME_ADDON_WISPSKILL_FF,,
Scripts/Content/Story/Text.d:747,"Gold, Schlьssel und Gebrauchsgegenstдnde",,,,NAME_ADDON_WISPSKILL_NONE,,
Scripts/Content/Story/Text.d:748,Runen und Schriftrollen,,,,NAME_ADDON_WISPSKILL_RUNE,,
Scripts/Content/Story/Text.d:749,Ringe und Amulette,,,,NAME_ADDON_WISPSKILL_MAGIC,,
Scripts/Content/Story/Text.d:750,Nahrung und Planzen,,,,NAME_ADDON_WISPSKILL_FOOD,,
Scripts/Content/Story/Text.d:751,Magische und andere Trдnke,,,,NAME_ADDON_WISPSKILL_POTIONS,,
Scripts/Content/Story/Text.d:753,Sprache der Bauern lernen,,,,NAME_ADDON_LEARNLANGUAGE_1,,
Scripts/Content/Story/Text.d:754,Sprache der Krieger lernen,,,,NAME_ADDON_LEARNLANGUAGE_2,,
Scripts/Content/Story/Text.d:755,Sprache der Priester lernen,,,,NAME_ADDON_LEARNLANGUAGE_3,,
Scripts/Content/Story/Text.d:757,Zweihand Talent - Malus,,,,NAME_ADDON_MALUS_2H,,
Scripts/Content/Story/Text.d:758,Einhand Talent - Malus,,,,NAME_ADDON_MALUS_1H,,
Scripts/Content/Story/Text.d:759,Einhand Talent - Bonus,,,,NAME_ADDON_BONUS_1H,,
Scripts/Content/Story/Text.d:760,Zweihand Talent - Bonus,,,,NAME_ADDON_BONUS_2H,,
Scripts/Content/Story/Text.d:761,Chance auf Extraschaden,,,,NAME_ADDON_ONEHANDED_BELIAR,,
Scripts/Content/Story/Text.d:762,Chance auf Extraschaden,,,,NAME_ADDON_TWOHANDED_BELIAR,,
Scripts/Content/Story/Text.d:764,'Die Klaue Beliars' verbessern,,,,NAME_ADDON_UPGRATEBELIARSWEAPON,,
Scripts/Content/Story/Text.d:765,Beten,,,,NAME_ADDON_BETEN,,
Scripts/Content/Story/Text.d:767,Ich will beten und spende nichts.,,,,NAME_ADDON_PRAYIDOL_GIVENOTHING,,
Scripts/Content/Story/Text.d:768,Ich will beten und spende 1 Lebensenergie.,,,,NAME_ADDON_PRAYIDOL_GIVEHITPOINT1,,
Scripts/Content/Story/Text.d:769,Ich will beten und spende 2 Lebensenergie.,,,,NAME_ADDON_PRAYIDOL_GIVEHITPOINT2,,
Scripts/Content/Story/Text.d:770,Ich will beten und spende 3 Lebensenergie.,,,,NAME_ADDON_PRAYIDOL_GIVEHITPOINT3,,
Scripts/Content/Story/Text.d:771,Ich will beten und spende 1 Mana.,,,,NAME_ADDON_PRAYIDOL_GIVEMANA,,
Scripts/Content/Story/Text.d:777,Schwert,,,,NAME_ItMw_1H_Common_01,,
Scripts/Content/Story/Text.d:778,Erz-Langschwert,,,,NAME_ItMw_1H_Special_01,,
Scripts/Content/Story/Text.d:779,Erz-Zweihдnder,,,,NAME_ItMw_2H_Special_01,,
Scripts/Content/Story/Text.d:780,Erz-Bastardschwert,,,,NAME_ItMw_1H_Special_02,,
Scripts/Content/Story/Text.d:781,Schwerer Erz-Zweihдnder,,,,NAME_ItMw_2H_Special_02,,
Scripts/Content/Story/Text.d:782,Erz-Schlachtklinge,,,,NAME_ItMw_1H_Special_03,,
Scripts/Content/Story/Text.d:783,Schwere Erz-Schlachtklinge,,,,NAME_ItMw_2H_Special_03,,
Scripts/Content/Story/Text.d:784,Erz-Drachentцter,,,,NAME_ItMw_1H_Special_04,,
Scripts/Content/Story/Text.d:785,Grosser Erz-Drachentцter,,,,NAME_ItMw_2H_Special_04,,
Scripts/Content/Story/Text.d:787,Edles Schwert,,,,NAME_Addon_Harad_01,,
Scripts/Content/Story/Text.d:788,Edles Langschwert,,,,NAME_Addon_Harad_02,,
Scripts/Content/Story/Text.d:789,Rubinklinge,,,,NAME_Addon_Harad_03,,
Scripts/Content/Story/Text.d:790,El Bastardo,,,,NAME_Addon_Harad_04,,
Scripts/Content/Story/Text.d:797," gegeben",,,,PRINT_Addon_gegeben,,
Scripts/Content/Story/Text.d:798," Gold gegeben",,,,PRINT_GoldGegeben,,
Scripts/Content/Story/Text.d:799," Gegenstand gegeben",,,,PRINT_ItemGegeben,,
Scripts/Content/Story/Text.d:800," Gegenstдnde gegeben",,,,PRINT_ItemsGegeben,,
Scripts/Content/Story/Text.d:802," erhalten",,,,PRINT_Addon_erhalten,,
Scripts/Content/Story/Text.d:803," Gold erhalten",,,,PRINT_GoldErhalten,,
Scripts/Content/Story/Text.d:804," Gegenstand erhalten",,,,PRINT_ItemErhalten,,
Scripts/Content/Story/Text.d:805," Gegenstдnde erhalten",,,,PRINT_ItemsErhalten,,
Scripts/Content/Story/Text.d:806," Beliar schenkt dir einen anderen Zauber",,,,PRINT_Addon_RuneGiven,,
Scripts/Content/Story/Text.d:814,. Kosten: ,,,,PRINT_Kosten,,
Scripts/Content/Story/Text.d:815," LP",,,,PRINT_LP,,
Scripts/Content/Story/Text.d:818,Nicht genug Lernpunkte!,,,,PRINT_NotEnoughLP,,
Scripts/Content/Story/Text.d:819,Maximum dieses Lehrers liegt bei ,,,,PRINT_NoLearnOverPersonalMAX,,
Scripts/Content/Story/Text.d:822,Stдrke + ,,,,PRINT_LearnSTR,,
Scripts/Content/Story/Text.d:823,Geschicklichkeit + ,,,,PRINT_LearnDEX,,
Scripts/Content/Story/Text.d:824,Mana + ,,,,PRINT_LearnMANA_MAX,,
Scripts/Content/Story/Text.d:825,Lebensenergie + ,,,,PRINT_Learnhitpoints_MAX,,
Scripts/Content/Story/Text.d:826,Lernpunkte + ,,,,PRINT_LearnLP,,
Scripts/Content/Story/Text.d:829,Lerne: 1. Kreis der Magie,,,,PRINT_LearnCircle_1,,
Scripts/Content/Story/Text.d:830,Lerne: 2. Kreis der Magie,,,,PRINT_LearnCircle_2,,
Scripts/Content/Story/Text.d:831,Lerne: 3. Kreis der Magie,,,,PRINT_LearnCircle_3,,
Scripts/Content/Story/Text.d:832,Lerne: 4. Kreis der Magie,,,,PRINT_LearnCircle_4,,
Scripts/Content/Story/Text.d:833,Lerne: 5. Kreis der Magie,,,,PRINT_LearnCircle_5,,
Scripts/Content/Story/Text.d:834,Lerne: 6. Kreis der Magie,,,,PRINT_LearnCircle_6,,
Scripts/Content/Story/Text.d:837,Verbessere: Kampf mit Einhandwaffen,,,,PRINT_Learn1H,,
Scripts/Content/Story/Text.d:838,Verbessere: Kampf mit Ein- und Zweihandwaffen,,,,PRINT_Learn1H_and_2H,,
Scripts/Content/Story/Text.d:840,Verbessere: Kampf mit Zweihandwaffen,,,,PRINT_Learn2H,,
Scripts/Content/Story/Text.d:841,Verbessere: Kampf mit Zwei- und Einhandwaffen,,,,PRINT_Learn2H_and_1H,,
Scripts/Content/Story/Text.d:843,Verbessere: Treffen mit Bogen,,,,PRINT_LearnBow,,
Scripts/Content/Story/Text.d:844,Verbessere: Treffen mit Bogen und Armbrust,,,,PRINT_LearnBow_and_Crossbow,,
Scripts/Content/Story/Text.d:846,Verbessere: Treffen mit Armbrust,,,,PRINT_LearnCrossbow,,
Scripts/Content/Story/Text.d:847,Verbessere: Treffen mit Armbrust und Bogen,,,,PRINT_LearnCrossbow_and_Bow,,
Scripts/Content/Story/Text.d:850,Lerne: Schlцsser knacken,,,,PRINT_LearnPicklock,,
Scripts/Content/Story/Text.d:851,Lerne: Schleichen,,,,PRINT_LearnSneak,,
Scripts/Content/Story/Text.d:852,Lerne: Akrobatik,,,,PRINT_LearnAcrobat,,
Scripts/Content/Story/Text.d:853,Akrobatik-Bonus!,,,,PRINT_Addon_AcrobatBonus,,
Scripts/Content/Story/Text.d:854,Lerne: Taschendiebstahl,,,,PRINT_LearnPickpocket,,
Scripts/Content/Story/Text.d:855,Lebensenergie - ,,,,PRINT_Beliarshitpoints_MAX,,
Scripts/Content/Story/Text.d:858,Lerne: Waffe schmieden,,,,PRINT_LearnSmith,,
Scripts/Content/Story/Text.d:859,Lerne: Rune erschaffen,,,,PRINT_LearnRunes,,
Scripts/Content/Story/Text.d:860,Lerne: Trank brauen,,,,PRINT_LearnAlchemy,,
Scripts/Content/Story/Text.d:861,Lerne: Auge Innos aufladen,,,,PRINT_LearnAlchemyInnosEye,,
Scripts/Content/Story/Text.d:862,Lerne: Tiere ausschlachten,,,,PRINT_LearnTakeAnimalTrophy,,
Scripts/Content/Story/Text.d:863,Lerne: Sprache der Erbauer,,,,PRINT_LearnForeignLanguage,,
Scripts/Content/Story/Text.d:864,Dein Irrlicht hat gelernt,,,,PRINT_LearnWispDetector,,
Scripts/Content/Story/Text.d:865,Lerne: Geheime Teleport Rune bauen,,,,PRINT_LearnPalTeleportSecret,,
Scripts/Content/Story/Text.d:867,Zu wenig Lernpunkte!,,,,PRINT_NotEnoughLearnPoints,,
Scripts/Content/Story/Text.d:870,Stдrke + 1,,,,PRINT_LearnSTR1,,
Scripts/Content/Story/Text.d:871,Stдrke + 5,,,,PRINT_LearnSTR5,,
Scripts/Content/Story/Text.d:873,Geschicklichkeit + 1,,,,PRINT_LearnDEX1,,
Scripts/Content/Story/Text.d:874,Geschicklichkeit + 5,,,,PRINT_LearnDEX5,,
Scripts/Content/Story/Text.d:876,Mana + 1,,,,PRINT_LearnMANA1,,
Scripts/Content/Story/Text.d:877,Mana + 5,,,,PRINT_LearnMANA5,,
Scripts/Content/Story/Text.d:879,Einhand - Waffen + 1,,,,PRINT_Learn1h1,,
Scripts/Content/Story/Text.d:880,Einhand - Waffen + 5,,,,PRINT_Learn1h5,,
Scripts/Content/Story/Text.d:882,Zweihand - Waffen + 1,,,,PRINT_Learn2h1,,
Scripts/Content/Story/Text.d:883,Zweihand - Waffen + 5,,,,PRINT_Learn2h5,,
Scripts/Content/Story/Text.d:885,Bogen + 1,,,,PRINT_LearnBow1,,
Scripts/Content/Story/Text.d:886,Bogen + 5,,,,PRINT_LearnBow5,,
Scripts/Content/Story/Text.d:888,Armbrust + 1,,,,PRINT_LearnCrossBow1,,
Scripts/Content/Story/Text.d:889,Armbrust + 5,,,,PRINT_LearnCrossBow5,,
Scripts/Content/Story/Text.d:897,Du hast geschlafen und bist ausgeruht!,,,,PRINT_SleepOver,,
Scripts/Content/Story/Text.d:898,Alptrдume verwehren dir Erholung!,,,,PRINT_SleepOverObsessed,,
Scripts/Content/Story/Text.d:899,Waffe hergestellt!,,,,PRINT_SmithSuccess,,
Scripts/Content/Story/Text.d:900,Rune hergestellt!,,,,PRINT_RuneSuccess,,
Scripts/Content/Story/Text.d:901,Trank hergestellt!,,,,PRINT_AlchemySuccess,,
Scripts/Content/Story/Text.d:902,Das Auge Innos pulsiert voller Energie!,,,,PRINT_AlchemySuccessInnoseye,,
Scripts/Content/Story/Text.d:903,Zu wenig Rohstoffe,,,,PRINT_ProdItemsMissing,,
Scripts/Content/Story/Text.d:904,Neue Tabaksorte gemischt!,,,,PRINT_TabakSuccess,,
Scripts/Content/Story/Text.d:905,Sumpfkraut - Stengel gedreht!,,,,PRINT_JointSuccess,,
Scripts/Content/Story/Text.d:906,Grьner Novize gedreht!,,,,PRINT_Addon_Joint_01_Success,,
Scripts/Content/Story/Text.d:907,Dir fehlen die `Trдnen Innosґ.,,,,PRINT_NoInnosTears,,
Scripts/Content/Story/Text.d:908,Dir fehlt eine Gilde.,,,,PRINT_Addon_GuildNeeded,,
Scripts/Content/Story/Text.d:909,Du bist noch kein Magier.,,,,PRINT_Addon_GuildNeeded_NOV,,
Scripts/Content/Story/Text.d:914,Dafьr brauche ich den richtigen Schlьssel,,,,PRINT_KeyMissing,,
Scripts/Content/Story/Text.d:915,Ich brauche einen Dietrich,,,,PRINT_PicklockMissing,,
Scripts/Content/Story/Text.d:916,Ich brauche entweder den Schlьssel oder einen Dietrich,,,,PRINT_Picklock_or_KeyMissing,,
Scripts/Content/Story/Text.d:917,Da lдsst sich nichts machen,,,,PRINT_NeverOpen,,
Scripts/Content/Story/Text.d:918,Das ist zu weit entfernt,,,,PRINT_Toofar_Away,,
Scripts/Content/Story/Text.d:919,Das ist die falsche Seite,,,,PRINT_WrongSide,,
Scripts/Content/Story/Text.d:920,Mir fehlt der entsprechende Gegenstand,,,,PRINT_MissingItem,,
Scripts/Content/Story/Text.d:921,Das wird gerade benutzt,,,,PRINT_AnotherUser,,
Scripts/Content/Story/Text.d:922,Dafьr habe ich kein Talent,,,,PRINT_NoPicklockTalent,,
Scripts/Content/Story/Text.d:924,Da ist nichts zu holen...,,,,PRINT_NOTHINGTOGET,,
Scripts/Content/Story/Text.d:925,Nichts zu holen...,,,,PRINT_NOTHINGTOGET02,,
Scripts/Content/Story/Text.d:926,Nichts zu plьndern...,,,,PRINT_NOTHINGTOGET03,,
Scripts/Content/Story/Text.d:932,Innos schenkt dir: Stдrke + ,,,,PRINT_BlessSTR,,
Scripts/Content/Story/Text.d:933,Innos schenkt dir: Geschicklichkeit + ,,,,PRINT_BlessDEX,,
Scripts/Content/Story/Text.d:934,Innos schenkt dir: Mana + ,,,,PRINT_BlessMANA_MAX,,
Scripts/Content/Story/Text.d:935,Innos schenkt dir: Lebensenergie + ,,,,PRINT_BlessHitpoints_MAX,,
Scripts/Content/Story/Text.d:936,Du bist erfьllt von geistiger Klarheit.,,,,PRINT_BlessMANA,,
Scripts/Content/Story/Text.d:937,Innos erhцrt dich und heilt dich.,,,,PRINT_BlessHitpoints,,
Scripts/Content/Story/Text.d:938,Du fьhlst dich wie neugeboren.,,,,Print_BlessMana_Hit,,
Scripts/Content/Story/Text.d:939,Innos dankt fьr dein Gebet.,,,,Print_BlessNone,,
Scripts/Content/Story/Text.d:940,Zu wenig Gold.,,,,Print_NotEnoughGold,,
Scripts/Content/Story/Text.d:941,Schwert weihen (5000 Gold),,,,Bless_Sword,,
Scripts/Content/Story/Text.d:942,Schwert weihen (Trдnen Innos),,,,Bless_Sword2,,
Scripts/Content/Story/Text.d:944,"...Innos, halte deine schьtzende Hand ьber deine Streiter...",,,,Pray_Paladin1,,
Scripts/Content/Story/Text.d:945,...segne sie mit deinem Feuer und schenke ihnen Kraft...,,,,Pray_Paladin2,,
Scripts/Content/Story/Text.d:946,...auf das sie in deinem Namen mutig kдmpfen... ,,,,Pray_Paladin3,,
Scripts/Content/Story/Text.d:947,"...bis zum Sieg oder zum Tod, so wie es dein Wille ist.",,,,Pray_Paladin4,,
Scripts/Content/Story/Text.d:956,Was weiЯt du ьber das Attentat gegen Esteban?,,,,DIALOG_ADDON_ATTENTAT_DESCRIPTION,,
Scripts/Content/Story/Text.d:957,Ich will diese Verrдter tцten.,,,,DIALOG_ADDON_ATTENTAT_PRO,,
Scripts/Content/Story/Text.d:958,"Ich suche diese Typen, um gegen Esteban vorzugehen.",,,,DIALOG_ADDON_ATTENTAT_CONTRA,,
Scripts/Content/Story/Text.d:960,Du wirst in der Mine gebraucht. (Roten Stein geben),,,,DIALOG_ADDON_MINE_DESCRIPTION,,
Scripts/Content/Story/Text.d:961,Was muss ich ьber's Goldhacken wissen?,,,,DIALOG_ADDON_GOLD_DESCRIPTION,,
Scripts/Content/Story/Text.d:962,Wissen ьber Stachelgift gelernt,,,,PRINT_ADDON_KNOWSBF,,
Scripts/Content/Story/Text.d:963,Wissen ьber Goldhacken gesteigert! (+ ,,,,PRINT_ADDON_HACKCHANCE,,
Scripts/Content/Story/Text.d:964,Stunt Bonus,,,,PRINT_ADDON_STUNTBONUS,,
Scripts/Content/Story/Text.d:965,Exploit Malus,,,,PRINT_ADDON_EXPLOITBONUS,,
Scripts/Content/Story/Text.d:968,Genug geredet. Lass uns kдmpfen.,,,,PRINT_ADDON_ENOUGHTALK,,
Scripts/Content/Story/Text.d:970,Vollstдndig geheilt,,,,PRINT_FullyHealed,,
Scripts/Content/Story/Text.d:971,Du fьhlst dich erfrischt,,,,PRINT_Eat1,,
Scripts/Content/Story/Text.d:972,Schmeckt saftig und frisch,,,,PRINT_Eat2,,
Scripts/Content/Story/Text.d:973,Du fьhlst dich gesund und stark!,,,,PRINT_Eat3,,
Scripts/Content/Story/Text.d:975,Ein Gefьhl gцttlicher Erkenntnis erfьllt dich.,,,,Print_ReadAstronomy,,
Scripts/Content/Story/Text.d:978,100 Gold erhalten.,,,,PRINT_GornsTreasure,,
Scripts/Content/Story/Text.d:979,300 Gold erhalten.,,,,PRINT_KerolothsGeldBeutel,,
Scripts/Content/Story/Text.d:980,300 Gold erhalten,,,,PRINT_MalethBanditsGold,,
Scripts/Content/Story/Text.d:981,2000 Gold erhalten,,,,Print_DiegosTreasure,,
Scripts/Content/Story/Text.d:982,Der Einband des Buches lдsst sich nicht цffnen.,,,,PRINT_IrdorathBookDoesntOpen,,
Scripts/Content/Story/Text.d:983,Im Einband des Buches ist ein Schlьssel versteckt!,,,,PRINT_IrdorathBookHiddenKey,,
Scripts/Content/Story/Text.d:984,Im Fisch ist ein Zettel versteckt,,,,PRINT_FishLetter,,
Scripts/Content/Story/Text.d:985,Auge Innos gegeben,,,,Print_InnoseyeGiven,,
Scripts/Content/Story/Text.d:986,Auge Innos erhalten,,,,Print_InnosEyeGet,,
Scripts/Content/Story/Text.d:988,4 Gegenstдnde erhalten ,,,,PRINT_GotFourItems,,
Scripts/Content/Story/Text.d:989,Du fьhlst dich geschwдcht.,,,,PRINT_OrcEliteRingEquip,,
Scripts/Content/Story/Text.d:990,Ein beklemmendes Gefьhl befдllt dich!,,,,PRINT_SCIsObsessed,,
Scripts/Content/Story/Text.d:991,Du fьhlst dich erlцst!,,,,PRINT_ClearSCObsession,,
Scripts/Content/Story/Text.d:992,"  ьbrig",,,,PRINT_NumberLeft,,
Scripts/Content/Story/Text.d:993,"  Novizen ьbrig",,,,PRINT_NovizenLeft,,
Scripts/Content/Story/Text.d:996,"  Razor ьbrig",,,,PRINT_Addon_CanyonRazorsLeft,,
Scripts/Content/Story/Text.d:999,"Der Feind ist besiegt und diesmal werde ich nicht wieder unter Felsen verschimmeln. Nichts wie raus hier, zurьck aufґs Schiff.",,,,PRINT_DragKillCount,,
Scripts/Content/Story/Text.d:1002," (1 Erz)",,,,PRINT_Smith_1H_Special_01,,
Scripts/Content/Story/Text.d:1003," (2 Erz)",,,,PRINT_Smith_2H_Special_01,,
Scripts/Content/Story/Text.d:1004," (2 Erz)",,,,PRINT_Smith_1H_Special_02,,
Scripts/Content/Story/Text.d:1005," (3 Erz)",,,,PRINT_Smith_2H_Special_02,,
Scripts/Content/Story/Text.d:1006," (3 Erz)",,,,PRINT_Smith_1H_Special_03,,
Scripts/Content/Story/Text.d:1007," (4 Erz)",,,,PRINT_Smith_2H_Special_03,,
Scripts/Content/Story/Text.d:1008," (4 Erz, 5 Drachenblut)",,,,PRINT_Smith_1H_Special_04,,
Scripts/Content/Story/Text.d:1009," (5 Erz, 5 Drachenblut)",,,,PRINT_Smith_2H_Special_04,,
Scripts/Content/Story/Text.d:1012,Spruchrolle,,,,NAME_MageScroll,,
Scripts/Content/Story/Text.d:1018,Ring gefunden,,,,PRINT_FoundRing,,
Scripts/Content/Story/Text.d:1019,Amulett gefunden,,,,PRINT_FoundAmulett,,
Scripts/Content/Story/Text.d:1020,Spruchrolle gefunden,,,,PRINT_FoundScroll,,
Scripts/Content/Story/Text.d:1021,Trank gefunden,,,,PRINT_FoundPotion,,
Scripts/Content/Story/Text.d:1022,Karte gefunden,,,,PRINT_FoundMap,,
Scripts/Content/Story/Text.d:1024,10 Gold gefunden,,,,PRINT_FoundGold10,,
Scripts/Content/Story/Text.d:1025,25 Gold gefunden,,,,PRINT_FoundGold25,,
Scripts/Content/Story/Text.d:1026,50 Gold gefunden,,,,PRINT_FoundGold50,,
Scripts/Content/Story/Text.d:1027,100 Gold gefunden,,,,PRINT_FoundGold100,,
Scripts/Content/Story/Text.d:1028,Runenstein gefunden,,,,PRINT_FoundRuneBlank,,
Scripts/Content/Story/Text.d:1029,Erzbrocken gefunden,,,,PRINT_FoundOreNugget,,
Scripts/Content/Story/Text.d:1030,Dietrich gefunden,,,,PRINT_FoundLockpick,,
Scripts/Content/Story/Text.d:1031,Ein kleiner Schlьssel und ein paar Dietriche...,,,,PRINT_HannasBeutel,,
Scripts/Content/Story/Text.d:1032,Einige Krдuter gefunden,,,,PRINT_GotPlants,,
Scripts/Content/Story/Text.d:1035,Alle Kammern auszufegen dauert ewig!,,,,PRINT_NoSweeping,,
Scripts/Content/Story/Text.d:1037,Das Sekret zeigt keine Wirkung mehr.,,,,PRINT_Mandibles,,
Scripts/Content/Story/Text.d:1038,Schmeckt bitter und giftig,,,,PRINT_Bloodfly,,
Scripts/Content/Story/Text.d:1042,Pilz Tabak,,,,PRINT_PILZ,,
Scripts/Content/Story/Text.d:1043,Doppelter Apfel,,,,PRINT_DOPPEL,,
Scripts/Content/Story/Text.d:1044,Honig Tabak,,,,PRINT_HONIG,,
Scripts/Content/Story/Text.d:1045,Krautabak,,,,PRINT_KRAUT,,
Scripts/Content/Story/Text.d:1051,Erfahrung + ,,,,PRINT_XPGained,,
Scripts/Content/Story/Text.d:1052,Stufe gestiegen!,,,,PRINT_LevelUp,,
Scripts/Content/Story/Text.d:1053,Neuer Tagebucheintrag,,,,PRINT_NewLogEntry,,
Scripts/Content/Story/Text.d:1054,Zu weit entfernt,,,,PRINT_TeleportTooFarAway,,
Scripts/Content/Story/Text.d:1055,Biffs Anteil: ,,,,PRINT_BiffsAnteil,,
Scripts/Content/Story/Text.d:1056," Gold",,,,PRINT_BiffGold,,
Scripts/Content/Story/Text.d:1057,Du trдgst jetzt das Erkennungszeichen des 'Rings des Wassers',,,,PRINT_Addon_SCIsWearingRangerRing,,
Scripts/Content/Story/Text.d:1065,Die Fassung des Amuletts ist zerbrochen,,,,TEXT_Innoseye_Setting_Broken,,
Scripts/Content/Story/Text.d:1066,Die Fassung des Amuletts ist intakt,,,,TEXT_Innoseye_Setting_Repaired,,
Scripts/Content/Story/Text.d:1067,Der Edelstein ist matt und kraftlos,,,,TEXT_Innoseye_Gem,,
Scripts/Content/Story/Text.d:1072,(Es wдre ein Kinderspiel seinen Geldbeutel zu stehlen),,,,Pickpocket_20,,
Scripts/Content/Story/Text.d:1073,(Es wдre einfach seinen Geldbeutel zu stehlen),,,,Pickpocket_40,,
Scripts/Content/Story/Text.d:1074,(Es wдre gewagt seinen Geldbeutel zu stehlen),,,,Pickpocket_60,,
Scripts/Content/Story/Text.d:1075,(Es wдre schwierig seinen Geldbeutel zu stehlen),,,,Pickpocket_80,,
Scripts/Content/Story/Text.d:1076,(Es wдre verdammt schwierig seinen Geldbeutel zu stehlen),,,,Pickpocket_100,,
Scripts/Content/Story/Text.d:1077,(Es wдre fast unmцglich seinen Geldbeutel zu stehlen),,,,Pickpocket_120,,
Scripts/Content/Story/Text.d:1079,(Es wдre ein Kinderspiel ihren Geldbeutel zu stehlen),,,,Pickpocket_20_Female,,
Scripts/Content/Story/Text.d:1080,(Es wдre einfach ihren Geldbeutel zu stehlen),,,,Pickpocket_40_Female,,
Scripts/Content/Story/Text.d:1081,(Es wдre gewagt ihren Geldbeutel zu stehlen),,,,Pickpocket_60_Female,,
Scripts/Content/Story/Text.d:1082,(Es wдre schwierig ihren Geldbeutel zu stehlen),,,,Pickpocket_80_Female,,
Scripts/Content/Story/Text.d:1083,(Es wдre verdammt schwierig ihren Geldbeutel zu stehlen),,,,Pickpocket_100_Female,,
Scripts/Content/Story/Text.d:1084,(Es wдre fast unmцglich ihren Geldbeutel zu stehlen),,,,Pickpocket_120_Female,,
Scripts/Content/Story/Text.d:1105,Das hцrte sich gut an,,,,PRINT_PICKLOCK_SUCCESS,,
Scripts/Content/Story/Text.d:1106,Das SchloЯ ist geknackt,,,,PRINT_PICKLOCK_UNLOCK,,
Scripts/Content/Story/Text.d:1107,Mist.. wieder von vorne,,,,PRINT_PICKLOCK_FAILURE,,
Scripts/Content/Story/Text.d:1108,Der Dietrich ist abgebrochen,,,,PRINT_PICKLOCK_BROKEN,,
Scripts/Content/Story/Text.d:1111,Lebenspunkte zu wenig,,,,PRINT_HITPOINTS_MISSING,,
Scripts/Content/Story/Text.d:1112,maximale Lebenspunkte zu wenig,,,,PRINT_HITPOINTS_MAX_MISSING,,
Scripts/Content/Story/Text.d:1113,Manapunkte zu wenig,,,,PRINT_MANA_MISSING,,
Scripts/Content/Story/Text.d:1114,maximale Manapunkte zu wenig,,,,PRINT_MANA_MAX_MISSING,,
Scripts/Content/Story/Text.d:1115,Stдrkepunkte zu wenig,,,,PRINT_STRENGTH_MISSING,,
Scripts/Content/Story/Text.d:1116,Geschicklichkeitspunkte zu wenig,,,,PRINT_DEXTERITY_MISSING,,
Scripts/Content/Story/Text.d:1119,"magische Kreise zu niedrig, um die Rune anzulegen",,,,PRINT_MAGCIRCLES_MISSING,,
Scripts/Content/Story/Text.d:1122,Die Waffe lдsst sich nicht anlegen.,,,,PRINT_ADDON_BELIARSCOURSE_MISSING,,
Scripts/Content/Story/Text.d:1132,kein Dietrich oder passender Schlьssel,,,,_STR_MESSAGE_INTERACT_NO_KEY,,
Scripts/Content/Story/Text.d:1135,der Wert deiner Tauschware ist nicht hoch genug,,,,_STR_MESSAGE_TRADE_FAILURE,,
Scripts/Content/Story/Text.d:1138,P?ijmout,,,,STR_INFO_TRADE_ACCEPT,,
Scripts/Content/Story/Text.d:1139,Odmнtnout,,,,STR_INFO_TRADE_RESET,,
Scripts/Content/Story/Text.d:1140,Zp?t,,,,STR_INFO_TRADE_EXIT,,
Scripts/Content/Story/Text.d:1141,Hodnota:,,,,STR_INFO_TRADE_VALUE,,
Scripts/Content/Story/Text.d:1143,Nemбљ dostatek zlata.,,,,_STR_MESSAGE_TRADE_FAILURE_PLAYER,,
Scripts/Content/Story/Text.d:1144,Obchodnнk nemб dostatek zlata.,,,,_STR_MESSAGE_TRADE_FAILURE_NPC,,
Scripts/Content/Story/Text.d:1145,Hodnota nabнdky vyrovnбna.,,,,_STR_MESSAGE_TRADE_BALANCE,,
Scripts/Content/Story/Text.d:1148,Zum aktivieren RETURN drьcken!,,,,MENU_TEXT_NEEDS_APPLY,,
Scripts/Content/Story/Text.d:1149,Einige Einstellungen werden erst nach einem Neustart aktiv,,,,MENU_TEXT_NEEDS_RESTART,,
Scripts/Content/Story/Text.d:1156,Kapitel 1,,,,KapWechsel_1,,
Scripts/Content/Story/Text.d:1157,Die Bedrohung,,,,KapWechsel_1_Text,,
Scripts/Content/Story/Text.d:1158,Kapitel 2,,,,KapWechsel_2,,
Scripts/Content/Story/Text.d:1159,Rьckkehr in die Kolonie,,,,KapWechsel_2_Text,,
Scripts/Content/Story/Text.d:1160,Kapitel 3,,,,KapWechsel_3,,
Scripts/Content/Story/Text.d:1161,Das Auge Innos,,,,KapWechsel_3_Text,,
Scripts/Content/Story/Text.d:1162,Kapitel 4,,,,KapWechsel_4,,
Scripts/Content/Story/Text.d:1163,Drachenjagd,,,,KapWechsel_4_Text,,
Scripts/Content/Story/Text.d:1164,Kapitel 5,,,,KapWechsel_5,,
Scripts/Content/Story/Text.d:1165,Aufbruch,,,,KapWechsel_5_Text,,
Scripts/Content/Story/Text.d:1166,Kapitel 6,,,,KapWechsel_6,,
Scripts/Content/Story/Text.d:1167,Die Hallen von Irdorath,,,,KapWechsel_6_Text,,
